[
  {
    "id": "module_1",
    "title": "Introduction to Automation",
    "description": "Understand the basics of automation, its benefits, and common tools.",
    "stage": "Beginner",
    "lessons": [
      {
        "id": "lesson_1_1",
        "title": "What is Automation?",
        "description": "Defining automation and its importance in business.",
        "content": "Automation is the creation and application of technology to make systems or processes work automatically. It reduces human intervention to a minimum. In business, automation can streamline repetitive tasks, improve efficiency, and reduce errors.",
        "videoUrl": "https://www.youtube.com/watch?v=example1",
        "externalLinks": [
          "https://en.wikipedia.org/wiki/Automation"
        ],
        "codeSnippets": []
      },
      {
        "id": "lesson_1_2",
        "title": "No-Code vs. Code-Based",
        "description": "Exploring the differences and use cases for no-code and code-based automation.",
        "content": "No-code platforms allow users to create applications and automate workflows without writing any code, using visual interfaces. Code-based automation involves writing scripts or programs in languages like Python or JavaScript to achieve automation. Each has its strengths and weaknesses depending on the complexity and customization required.",
        "videoUrl": null,
        "externalLinks": [
          "https://zapier.com/blog/no-code-vs-low-code-vs-code/"
        ],
        "codeSnippets": []
      }
    ]
  },
  {
    "id": "module_2",
    "title": "Getting Started with n8n",
    "description": "Learn how to build powerful workflows with n8n, a fair-code automation tool.",
    "stage": "Beginner",
    "lessons": [
      {
        "id": "lesson_2_1",
        "title": "n8n Interface Tour",
        "description": "A guided tour of the n8n user interface and its key components.",
        "content": "n8n provides a visual workflow editor where you can drag and drop nodes to build your automation. Key components include the canvas, nodes panel, and properties panel.",
        "videoUrl": "https://www.youtube.com/watch?v=example2",
        "externalLinks": [
          "https://docs.n8n.io/"
        ],
        "codeSnippets": []
      }
    ]
  }
]

