[
  {
    "id": "project_1",
    "title": "Email Newsletter Automation",
    "description": "Create an automated system to send weekly newsletters to subscribers using n8n and email services.",
    "difficulty": "Easy",
    "tools": ["n8n", "Gmail", "Google Sheets"],
    "tasks": [
      "Set up n8n workflow",
      "Connect to Google Sheets for subscriber list",
      "Configure Gmail node for sending emails",
      "Create email template",
      "Set up weekly trigger",
      "Test the automation"
    ],
    "estimatedTime": "2-3 hours"
  },
  {
    "id": "project_2",
    "title": "Social Media Content Scheduler",
    "description": "Build a system to automatically post content across multiple social media platforms.",
    "difficulty": "Medium",
    "tools": ["Zapier", "Twitter API", "Facebook API", "Buffer"],
    "tasks": [
      "Set up Zapier account",
      "Connect social media accounts",
      "Create content calendar",
      "Configure posting schedule",
      "Set up content approval workflow",
      "Monitor and optimize performance"
    ],
    "estimatedTime": "4-5 hours"
  },
  {
    "id": "project_3",
    "title": "AI-Powered Customer Support Bot",
    "description": "Develop an intelligent chatbot that can handle customer inquiries using AI and automation.",
    "difficulty": "Hard",
    "tools": ["Python", "OpenAI API", "Webhook", "Slack"],
    "tasks": [
      "Design conversation flow",
      "Set up OpenAI API integration",
      "Create Python script for bot logic",
      "Implement webhook for real-time responses",
      "Connect to Slack workspace",
      "Train and test the bot",
      "Deploy to production"
    ],
    "estimatedTime": "8-10 hours"
  }
]

